time_bin,gpu_demand
0,3123
600,3123
1200,3123
1800,3123
2400,3123
3000,3123
3600,3126
4200,3126
4800,3127
5400,3126
6000,3123
6600,3123
7200,3123
7800,3123
8400,3123
9000,3125
9600,3125
10200,3125
10800,3125
11400,3125
12000,3125
12600,3126
13200,3125
13800,3125
14400,3125
15000,3125
15600,3127
16200,3127
16800,3124
17400,3124
18000,3124
18600,3124
19200,3124
19800,3124
20400,3124
21000,3124
21600,3124
22200,3124
22800,3124
23400,3124
24000,3123
24600,3123
25200,3123
25800,3123
26400,3123
27000,3123
27600,3123
28200,3123
28800,3123
29400,3123
30000,3123
30600,3123
31200,3123
31800,3125
32400,3125
33000,3124
33600,3124
34200,3124
34800,3124
35400,3124
36000,3124
36600,3124
37200,3124
37800,3126
38400,3124
39000,3124
39600,3124
40200,3124
40800,3124
41400,3124
42000,3124
42600,3124
43200,3125
43800,3125
44400,3125
45000,3125
45600,3124
46200,3124
46800,3124
47400,3124
48000,3124
48600,3125
49200,3124
49800,3124
50400,3124
51000,3124
51600,3124
52200,3127
52800,3127
53400,3124
54000,3125
54600,3125
55200,3137
55800,3137
56400,3137
57000,3126
57600,3124
58200,3124
58800,3124
59400,3124
60000,3124
60600,3124
61200,3124
61800,3124
62400,3126
63000,3126
63600,3125
64200,3124
64800,3124
65400,3124
66000,3125
66600,3125
67200,3125
67800,3125
68400,3124
69000,3124
69600,3124
70200,3124
70800,3123
71400,3123
72000,3123
72600,3125
73200,3125
73800,3124
74400,3124
75000,3124
75600,3124
76200,3125
76800,3125
77400,3125
78000,3125
78600,3124
79200,3126
79800,3126
80400,3125
81000,3125
81600,3125
82200,3125
82800,3124
83400,3124
84000,3124
84600,3124
85200,3124
85800,3124
86400,3124
87000,3124
87600,3124
88200,3125
88800,3125
89400,3125
90000,3125
90600,3125
91200,3125
91800,3127
92400,3132
93000,3134
93600,3132
94200,3132
94800,3132
95400,3131
96000,3131
96600,3132
97200,3132
97800,3131
98400,3133
99000,3131
99600,3131
100200,3131
100800,3132
101400,3132
102000,3132
102600,3132
103200,3133
103800,3133
104400,3131
105000,3130
105600,3130
106200,3130
106800,3130
107400,3131
108000,3131
108600,3131
109200,3131
109800,3131
110400,3129
111000,3129
111600,3129
112200,3129
112800,3129
113400,3129
114000,3129
114600,3129
115200,3129
115800,3129
116400,3129
117000,3130
117600,3130
118200,3130
118800,3129
119400,3129
120000,3129
120600,3129
121200,3129
121800,3129
122400,3129
123000,3129
123600,3131
124200,3131
124800,3131
125400,3131
126000,3131
126600,3131
127200,3133
127800,3133
128400,3132
129000,3132
129600,3132
130200,3132
130800,3130
131400,3130
132000,3130
132600,3130
133200,3130
133800,3130
134400,3132
135000,3132
135600,3132
136200,3130
136800,3130
137400,3131
138000,3131
138600,3131
139200,3131
139800,3131
140400,3131
141000,3131
141600,3131
142200,3133
142800,3132
143400,3131
144000,3130
144600,3130
145200,3130
145800,3130
146400,3130
147000,3130
147600,3135
148200,3133
148800,3130
149400,3130
150000,3130
150600,3130
151200,3131
151800,3131
152400,3130
153000,3130
153600,3130
154200,3130
154800,3130
155400,3130
156000,3130
156600,3130
157200,3130
157800,3131
158400,3133
159000,3133
159600,3131
160200,3131
160800,3131
161400,3131
162000,3131
162600,3131
163200,3131
163800,3131
164400,3129
165000,3131
165600,3131
166200,3130
166800,3129
167400,3129
168000,3129
168600,3129
169200,3129
169800,3129
170400,3129
171000,3129
171600,3131
172200,3131
172800,3131
173400,3130
174000,3130
174600,3130
175200,3131
175800,3130
176400,3130
177000,3130
177600,3129
178200,3131
178800,3131
179400,3131
180000,3131
180600,3130
181200,3130
181800,3129
182400,3130
183000,3130
183600,3130
184200,3130
184800,3130
185400,3130
186000,3130
186600,3131
187200,3131
187800,3131
188400,3131
189000,3131
189600,3131
190200,3131
190800,3130
191400,3130
192000,3132
192600,3132
193200,3132
193800,3131
194400,3131
195000,3130
195600,3132
196200,3132
196800,3131
197400,3131
198000,3131
198600,3130
199200,3130
199800,3130
200400,3129
201000,3129
201600,3129
202200,3130
202800,3132
203400,3130
204000,3129
204600,3129
205200,3129
205800,3131
206400,3131
207000,3131
207600,3131
208200,3131
208800,3131
209400,3131
210000,3156
210600,3154
211200,3140
211800,3147
212400,3146
213000,3141
213600,3142
214200,3137
214800,3134
215400,3135
216000,3135
216600,3134
217200,3141
217800,3131
218400,3130
219000,3129
219600,3129
220200,3138
220800,3143
221400,3132
222000,3129
222600,3129
223200,3129
223800,3135
224400,3132
225000,3130
225600,3130
226200,3130
226800,3130
227400,3130
228000,3130
228600,3130
229200,3130
229800,3130
230400,3130
231000,3130
231600,3131
232200,3131
232800,3130
233400,3130
234000,3133
234600,3130
235200,3131
235800,3131
236400,3131
237000,3133
237600,3137
238200,3130
238800,3130
239400,3130
240000,3130
240600,3139
241200,3139
241800,3131
242400,3130
243000,3130
243600,3130
244200,3131
244800,3131
245400,3131
246000,3130
246600,3130
247200,3130
247800,3130
248400,3130
249000,3130
249600,3130
250200,3130
250800,3130
251400,3130
252000,3130
252600,3130
253200,3130
253800,3131
254400,3131
255000,3130
255600,3130
256200,3130
256800,3130
257400,3130
258000,3130
258600,3130
259200,3132
259800,3132
260400,3130
261000,3130
261600,3130
262200,3130
262800,3130
263400,3130
264000,3130
264600,3131
265200,3131
265800,3131
266400,3131
267000,3131
267600,3130
268200,3130
268800,3130
269400,3130
270000,3130
270600,3131
271200,3130
271800,3130
272400,3130
273000,3130
273600,3130
274200,3130
274800,3130
275400,3130
276000,3130
276600,3130
277200,3130
277800,3132
278400,3132
279000,3132
279600,3132
280200,3132
280800,3132
281400,3133
282000,3131
282600,3131
283200,3130
283800,3130
284400,3130
285000,3130
285600,3130
286200,3130
286800,3130
287400,3130
288000,3130
288600,3130
289200,3130
289800,3130
290400,3130
291000,3130
291600,3130
292200,3130
292800,3130
293400,3130
294000,3130
294600,3131
295200,3131
295800,3131
296400,3131
297000,3131
297600,3131
298200,3131
298800,3131
299400,3131
300000,3131
300600,3131
301200,3076
301800,3076
302400,3090
303000,3080
303600,3077
304200,3076
304800,3076
305400,3082
306000,3082
306600,3077
307200,3077
307800,3077
308400,3077
309000,3078
309600,3078
310200,3077
310800,3077
311400,3077
312000,3077
312600,3080
313200,3077
313800,3077
314400,3077
315000,3078
315600,3077
316200,3077
316800,3077
317400,3078
318000,3078
318600,3079
319200,3089
319800,3086
320400,3081
321000,3080
321600,3078
322200,3078
322800,3078
323400,3078
324000,3079
324600,3079
325200,3091
325800,3087
326400,3082
327000,3081
327600,3078
328200,3078
328800,3078
329400,3079
330000,3079
330600,3087
331200,3085
331800,3078
332400,3078
333000,3078
333600,3078
334200,3080
334800,3080
335400,3077
336000,3078
336600,3096
337200,3095
337800,3078
338400,3078
339000,3078
339600,3078
340200,3078
340800,3078
341400,3078
342000,3094
342600,3095
343200,3078
343800,3078
344400,3089
345000,3085
345600,3081
346200,3078
346800,3078
347400,3083
348000,3084
348600,3080
349200,3078
349800,3078
350400,3078
351000,3079
351600,3079
352200,3079
352800,3079
353400,3081
354000,3079
354600,3079
355200,3079
355800,3079
356400,3079
357000,3079
357600,3079
358200,3078
358800,3080
359400,3079
360000,3079
360600,3079
361200,3079
361800,3079
362400,3079
363000,3079
363600,3079
364200,3084
364800,3079
365400,3079
366000,3079
366600,3079
367200,3079
367800,3079
368400,3079
369000,3079
369600,3081
370200,3081
370800,3078
371400,3078
372000,3078
372600,3078
373200,3078
373800,3078
374400,3078
375000,3080
375600,3080
376200,3078
376800,3078
377400,3078
378000,3078
378600,3078
379200,3078
379800,3078
380400,3078
381000,3080
381600,3080
382200,3079
382800,3078
383400,3078
384000,3078
384600,3082
385200,3083
385800,3082
386400,3094
387000,3093
387600,3083
388200,3083
388800,3082
389400,3082
390000,3088
390600,3083
391200,3083
391800,3083
392400,3083
393000,3082
393600,3082
394200,3082
394800,3082
395400,3082
396000,3082
396600,3081
397200,3081
397800,3078
398400,3078
399000,3078
399600,3078
400200,3082
400800,3078
401400,3078
402000,3078
402600,3088
403200,3088
403800,3088
404400,3088
405000,3088
405600,3088
406200,3088
406800,3088
407400,3088
408000,3088
408600,3088
409200,3088
409800,3088
410400,3101
411000,3096
411600,3093
412200,3089
412800,3088
413400,3088
414000,3088
414600,3088
415200,3088
415800,3088
416400,3088
417000,3088
417600,3088
418200,3088
418800,3088
419400,3088
420000,3088
420600,3088
421200,3088
421800,3092
422400,3092
423000,3092
423600,3092
424200,3092
424800,3092
425400,3092
426000,3092
426600,3092
427200,3092
427800,3092
428400,3092
429000,3092
429600,3092
430200,3093
430800,3093
431400,3092
432000,3092
432600,3092
433200,3092
433800,3092
434400,3092
435000,3092
435600,3092
436200,3095
436800,3092
437400,3093
438000,3093
438600,3093
439200,3093
439800,3093
440400,3092
441000,3092
441600,3092
442200,3092
442800,3092
443400,3092
444000,3092
444600,3092
445200,3094
445800,3094
446400,3094
447000,3094
447600,3094
448200,3094
448800,3094
449400,3093
450000,3093
450600,3093
451200,3093
451800,3093
452400,3093
453000,3093
453600,3093
454200,3093
454800,3093
455400,3093
456000,3092
456600,3092
457200,3092
457800,3092
458400,3092
459000,3092
459600,3092
460200,3092
460800,3092
461400,3092
462000,3092
462600,3092
463200,3092
463800,3092
464400,3092
465000,3092
465600,3092
466200,3092
466800,3092
467400,3092
468000,3092
468600,3092
469200,3095
469800,3092
470400,3092
471000,3092
471600,3092
472200,3092
472800,3092
473400,3088
474000,3088
474600,3088
475200,3088
475800,3088
476400,3088
477000,3088
477600,3088
478200,3088
478800,3088
479400,3088
480000,3088
480600,3089
481200,3089
481800,3097
482400,3097
483000,3088
483600,3088
484200,3088
484800,3088
485400,3100
486000,3092
486600,3088
487200,3088
487800,3088
488400,3088
489000,3092
489600,3088
490200,3088
490800,3088
491400,3088
492000,3093
492600,3093
493200,3090
493800,3089
494400,3089
495000,3089
495600,3089
496200,3089
496800,3089
497400,3089
498000,3089
498600,3089
499200,3089
499800,3089
500400,3089
501000,3089
501600,3089
502200,3096
502800,3096
503400,3090
504000,3089
504600,3089
505200,3089
505800,3092
506400,3090
507000,3089
507600,3089
508200,3089
508800,3089
509400,3089
510000,3088
510600,3087
511200,3087
511800,3087
512400,3087
513000,3091
513600,3091
514200,3089
514800,3089
515400,3089
516000,3092
516600,3092
517200,3089
517800,3089
518400,3089
519000,3090
519600,3093
520200,3090
520800,3089
521400,3089
522000,3089
522600,3089
523200,3090
523800,3091
524400,3093
525000,3091
525600,3091
526200,3094
526800,3094
527400,3091
528000,3091
528600,3091
529200,3093
529800,3093
530400,3093
531000,3093
531600,3093
532200,3093
532800,3093
533400,3092
534000,3092
534600,3092
535200,3093
535800,3092
536400,3092
537000,3092
537600,3092
538200,3092
538800,3092
539400,3092
540000,3093
540600,3092
541200,3092
541800,3092
542400,3090
543000,3090
543600,3090
544200,3090
544800,3090
545400,3090
546000,3091
546600,3091
547200,3091
547800,3091
548400,3090
549000,3090
549600,3090
550200,3101
550800,3097
551400,3092
552000,3091
552600,3090
553200,3090
553800,3090
554400,3090
555000,3090
555600,3090
556200,3090
556800,3097
557400,3098
558000,3092
558600,3090
559200,3090
559800,3090
560400,3095
561000,3094
561600,3090
562200,3090
562800,3090
563400,3090
564000,3094
564600,3094
565200,3093
565800,3093
566400,3093
567000,3090
567600,3093
568200,3093
568800,3093
569400,3093
570000,3093
570600,3088
571200,3088
571800,3088
572400,3088
573000,3088
573600,3088
574200,3103
574800,3095
575400,3091
576000,3092
576600,3092
577200,3091
577800,3091
578400,3091
579000,3091
579600,3091
580200,3091
580800,3101
581400,3101
582000,3092
582600,3091
583200,3091
583800,3091
584400,3093
585000,3092
585600,3091
586200,3091
586800,3091
587400,3091
588000,3091
588600,3091
589200,3091
589800,3091
590400,3091
591000,3091
591600,3091
592200,3091
592800,3091
593400,3091
594000,3091
594600,3092
595200,3092
595800,3090
596400,3090
597000,3090
597600,3090
598200,3090
598800,3090
599400,3090
600000,3090
600600,3090
601200,3091
601800,3091
602400,3091
603000,3091
603600,3091
604200,3091
604800,3092
605400,3092
606000,3091
606600,3091
607200,3091
607800,3091
608400,3092
609000,3091
609600,3091
610200,3093
610800,3093
611400,3092
612000,3092
612600,3092
613200,3092
613800,3092
614400,3091
615000,3091
615600,3091
616200,3091
616800,3093
617400,3093
618000,3093
618600,3093
619200,3093
619800,3093
620400,3093
621000,3093
621600,3093
622200,3093
622800,3093
623400,3093
624000,3093
624600,3093
625200,3092
625800,3092
626400,3097
627000,3094
627600,3094
628200,3094
628800,3093
629400,3093
630000,3093
630600,3093
631200,3093
631800,3095
632400,3095
633000,3092
633600,3092
634200,3092
634800,3092
635400,3092
636000,3092
636600,3092
637200,3095
637800,3095
638400,3093
639000,3093
639600,3093
640200,3093
640800,3093
641400,3093
642000,3093
642600,3094
643200,3094
643800,3094
644400,3093
645000,3093
645600,3093
646200,3093
646800,3093
647400,3093
648000,3093
648600,3096
649200,3093
649800,3093
650400,3093
651000,3093
651600,3093
652200,3094
652800,3094
653400,3094
654000,3095
654600,3095
655200,3093
655800,3093
656400,3093
657000,3093
657600,3093
658200,3093
658800,3093
659400,3094
660000,3094
660600,3093
661200,3093
661800,3093
662400,3093
663000,3093
663600,3093
664200,3093
664800,3094
665400,3094
666000,3093
666600,3093
667200,3093
667800,3093
668400,3093
669000,3093
669600,3093
670200,3093
670800,3093
671400,3093
672000,3093
672600,3093
673200,3093
673800,3093
674400,3093
675000,3093
675600,3093
676200,3093
676800,3093
677400,3093
678000,3093
678600,3093
679200,3093
679800,3093
680400,3093
681000,3093
681600,3093
682200,3093
682800,3093
683400,3093
684000,3093
684600,3093
685200,3093
685800,3093
686400,3093
687000,3093
687600,3093
688200,3093
688800,3093
689400,3093
690000,3093
690600,3093
691200,3093
691800,3093
692400,3093
693000,3093
693600,3093
694200,3093
694800,3093
695400,3093
696000,3093
696600,3095
697200,3095
697800,3094
698400,3094
699000,3096
699600,3095
700200,3095
700800,3094
701400,3094
702000,3094
702600,3094
703200,3094
703800,3094
704400,3094
705000,3094
705600,3095
706200,3095
706800,3095
707400,3095
708000,3095
708600,3095
709200,3095
709800,3095
710400,3095
711000,3095
711600,3095
712200,3095
712800,3095
713400,3095
714000,3095
714600,3095
715200,3094
715800,3094
716400,3094
717000,3094
717600,3094
718200,3094
718800,3094
719400,3094
720000,3094
720600,3094
721200,3094
721800,3094
722400,3094
723000,3094
723600,3094
724200,3094
724800,3094
725400,3094
726000,3094
726600,3094
727200,3094
727800,3094
728400,3094
729000,3094
729600,3094
730200,3094
730800,3094
731400,3094
732000,3094
732600,3094
733200,3094
733800,3094
734400,3094
735000,3094
735600,3094
736200,3094
736800,3094
737400,3094
738000,3094
738600,3094
739200,3094
739800,3094
740400,3094
741000,3094
741600,3094
742200,3094
742800,3094
743400,3094
744000,3094
744600,3094
745200,3094
745800,3094
746400,3094
747000,3094
747600,3094
748200,3094
748800,3094
749400,3094
750000,3094
750600,3094
751200,3094
751800,3094
752400,3094
753000,3094
753600,3094
754200,3094
754800,3094
755400,3094
756000,3094
756600,3094
757200,3094
757800,3094
758400,3094
759000,3094
759600,3094
760200,3094
760800,3094
761400,3094
762000,3094
762600,3094
763200,3094
763800,3094
764400,3094
765000,3094
765600,3094
766200,3094
766800,3096
767400,3096
768000,3096
768600,3096
769200,3096
769800,3096
770400,3096
771000,3096
771600,3096
772200,3096
772800,3096
773400,3096
774000,3096
774600,3096
775200,3096
775800,3096
776400,3096
777000,3096
777600,3096
778200,3096
778800,3096
779400,3096
780000,3096
780600,3096
781200,3096
781800,3096
782400,3096
783000,3097
783600,3097
784200,3097
784800,3097
785400,3097
786000,3096
786600,3096
787200,3096
787800,3096
788400,3096
789000,3096
789600,3096
790200,3096
790800,3096
791400,3096
792000,3096
792600,3096
793200,3096
793800,3096
794400,3096
795000,3098
795600,3098
796200,3098
796800,3098
797400,3098
798000,3098
798600,3098
799200,3097
799800,3097
800400,3097
801000,3097
801600,3096
802200,3096
802800,3096
803400,3096
804000,3096
804600,3096
805200,3096
805800,3096
806400,3096
807000,3096
807600,3096
808200,3096
808800,3096
809400,3096
810000,3096
810600,3096
811200,3096
811800,3096
812400,3096
813000,3094
813600,3095
814200,3095
814800,3094
815400,3096
816000,3096
816600,3095
817200,3095
817800,3095
818400,3089
819000,3090
819600,3090
820200,3090
820800,3090
821400,3090
822000,3090
822600,3098
823200,3094
823800,3094
824400,3094
825000,3094
825600,3095
826200,3094
826800,3094
827400,3094
828000,3094
828600,3094
829200,3104
829800,3102
830400,3097
831000,3096
831600,3097
832200,3095
832800,3096
833400,3096
834000,3095
834600,3095
835200,3095
835800,3105
836400,3105
837000,3098
837600,3096
838200,3096
838800,3099
839400,3094
840000,3092
840600,3092
841200,3092
841800,3092
842400,3092
843000,3099
843600,3093
844200,3092
844800,3092
845400,3092
846000,3092
846600,3092
847200,3092
847800,3092
848400,3092
849000,3094
849600,3094
850200,3094
850800,3094
851400,3096
852000,3111
852600,3097
853200,3104
853800,3098
854400,3097
855000,3097
855600,3097
856200,3098
856800,3098
857400,3097
858000,3097
858600,3097
859200,3097
859800,3099
860400,3099
861000,3099
861600,3099
862200,3099
862800,3099
863400,3099
864000,3099
864600,3099
865200,3099
865800,3099
866400,3099
867000,3099
867600,3099
868200,3099
868800,3099
869400,3100
870000,3100
870600,3100
871200,3100
871800,3100
872400,3099
873000,3099
873600,3103
874200,3102
874800,3102
875400,3102
876000,3102
876600,3102
877200,3102
877800,3102
878400,3102
879000,3102
879600,3102
880200,3102
880800,3102
881400,3102
882000,3104
882600,3104
883200,3104
883800,3105
884400,3104
885000,3105
885600,3105
886200,3103
886800,3103
887400,3103
888000,3102
888600,3102
889200,3102
889800,3102
890400,3108
891000,3107
891600,3104
892200,3102
892800,3102
893400,3102
894000,3103
894600,3103
895200,3102
895800,3102
896400,3102
897000,3102
897600,3102
898200,3102
898800,3102
899400,3102
900000,3102
900600,3102
901200,3102
901800,3105
902400,3129
903000,3129
903600,3129
904200,3130
904800,3134
905400,3134
906000,3150
906600,3140
907200,3139
907800,3132
908400,3132
909000,3132
909600,3142
910200,3140
910800,3134
911400,3134
912000,3134
912600,3134
913200,3134
913800,3138
914400,3148
915000,3146
915600,3136
916200,3137
916800,3137
917400,3136
918000,3136
918600,3165
919200,3176
919800,3146
920400,3186
921000,3188
921600,3161
922200,3158
922800,3165
923400,3151
924000,3152
924600,3152
925200,3154
925800,3154
926400,3152
927000,3152
927600,3152
928200,3152
928800,3152
929400,3152
930000,3152
930600,3153
931200,3164
931800,3158
932400,3156
933000,3154
933600,3154
934200,3154
934800,3154
935400,3154
936000,3154
936600,3154
937200,3154
937800,3154
938400,3154
939000,3154
939600,3154
940200,3154
940800,3154
941400,3154
942000,3154
942600,3154
943200,3154
943800,3154
944400,3154
945000,3154
945600,3154
946200,3154
946800,3154
947400,3154
948000,3154
948600,3154
949200,3154
949800,3154
950400,3154
951000,3157
951600,3157
952200,3154
952800,3154
953400,3154
954000,3154
954600,3154
955200,3154
955800,3155
956400,3156
957000,3156
957600,3156
958200,3156
958800,3155
959400,3155
960000,3155
960600,3155
961200,3155
961800,3155
962400,3155
963000,3157
963600,3157
964200,3156
964800,3156
965400,3161
966000,3160
966600,3157
967200,3157
967800,3157
968400,3157
969000,3157
969600,3157
970200,3157
970800,3157
971400,3157
972000,3157
972600,3157
973200,3158
973800,3158
974400,3157
975000,3157
975600,3157
976200,3157
976800,3157
977400,3157
978000,3157
978600,3157
979200,3158
979800,3159
980400,3158
981000,3158
981600,3158
982200,3157
982800,3157
983400,3157
984000,3157
984600,3157
985200,3157
985800,3158
986400,3158
987000,3157
987600,3157
988200,3157
988800,3157
989400,3160
990000,3160
990600,3160
991200,3160
991800,3160
992400,3160
993000,3160
993600,3160
994200,3160
994800,3160
995400,3161
996000,3161
996600,3160
997200,3160
997800,3160
998400,3160
999000,3160
999600,3160
1000200,3160
1000800,3163
1001400,3169
1002000,3177
1002600,3187
1003200,3168
1003800,3170
1004400,3162
1005000,3161
1005600,3161
1006200,3164
1006800,3164
1007400,3161
1008000,3161
1008600,3169
1009200,3165
1009800,3162
1010400,3160
1011000,3160
1011600,3162
1012200,3163
1012800,3161
1013400,3161
1014000,3161
1014600,3160
1015200,3161
1015800,3160
1016400,3161
1017000,3161
1017600,3163
1018200,3161
1018800,3161
1019400,3162
1020000,3162
1020600,3161
1021200,3161
1021800,3155
1022400,3152
1023000,3156
1023600,3149
1024200,3149
1024800,3149
1025400,3149
1026000,3149
1026600,3149
1027200,3149
1027800,3149
1028400,3151
1029000,3150
1029600,3149
1030200,3149
1030800,3149
1031400,3151
1032000,3150
1032600,3149
1033200,3149
1033800,3150
1034400,3149
1035000,3149
1035600,3149
1036200,3149
1036800,3149
1037400,3149
1038000,3149
1038600,3149
1039200,3152
1039800,3151
1040400,3149
1041000,3149
1041600,3149
1042200,3151
1042800,3151
1043400,3151
1044000,3151
1044600,3151
1045200,3149
1045800,3149
1046400,3149
1047000,3149
1047600,3149
1048200,3149
1048800,3149
1049400,3149
1050000,3149
1050600,3149
1051200,3149
1051800,3149
1052400,3149
1053000,3149
1053600,3149
1054200,3149
1054800,3149
1055400,3149
1056000,3149
1056600,3149
1057200,3149
1057800,3149
1058400,3149
1059000,3149
1059600,3149
1060200,3149
1060800,3149
1061400,3149
1062000,3149
1062600,3149
1063200,3149
1063800,3149
1064400,3149
1065000,3149
1065600,3149
1066200,3149
1066800,3149
1067400,3149
1068000,3149
1068600,3149
1069200,3149
1069800,3149
1070400,3149
1071000,3149
1071600,3149
1072200,3150
1072800,3150
1073400,3150
1074000,3150
1074600,3150
1075200,3150
1075800,3150
1076400,3150
1077000,3150
1077600,3151
1078200,3151
1078800,3151
1079400,3151
1080000,3151
1080600,3150
1081200,3150
1081800,3151
1082400,3151
1083000,3150
1083600,3152
1084200,3151
1084800,3150
1085400,3150
1086000,3150
1086600,3150
1087200,3150
1087800,3150
1088400,3150
1089000,3154
1089600,3152
1090200,3150
1090800,3150
1091400,3150
1092000,3157
1092600,3156
1093200,3152
1093800,3152
1094400,3151
1095000,3151
1095600,3151
1096200,3150
1096800,3157
1097400,3095
1098000,3093
1098600,3093
1099200,3093
1099800,3096
1100400,3098
1101000,3094
1101600,3162
1102200,3162
1102800,3162
1103400,3180
1104000,3177
1104600,3168
1105200,3169
1105800,3170
1106400,3169
1107000,3189
1107600,3170
1108200,3169
1108800,3169
1109400,3169
1110000,3168
1110600,3168
1111200,3168
1111800,3168
1112400,3168
1113000,3168
1113600,3168
1114200,3167
1114800,3167
1115400,3177
1116000,3173
1116600,3173
1117200,3166
1117800,3171
1118400,3171
1119000,3171
1119600,3166
1120200,3175
1120800,3167
1121400,3172
1122000,3169
1122600,3168
1123200,3169
1123800,3169
1124400,3167
1125000,3167
1125600,3167
1126200,3167
1126800,3167
1127400,3167
1128000,3167
1128600,3168
1129200,3168
1129800,3168
1130400,3168
1131000,3168
1131600,3169
1132200,3168
1132800,3168
1133400,3168
1134000,3168
1134600,3168
1135200,3168
1135800,3169
1136400,3169
1137000,3168
1137600,3168
1138200,3168
1138800,3168
1139400,3168
1140000,3168
1140600,3168
1141200,3168
1141800,3168
1142400,3169
1143000,3169
1143600,3168
1144200,3172
1144800,3171
1145400,3168
1146000,3168
1146600,3168
1147200,3168
1147800,3168
1148400,3169
1149000,3169
1149600,3170
1150200,3170
1150800,3169
1151400,3168
1152000,3168
1152600,3168
1153200,3168
1153800,3168
1154400,3168
1155000,3168
1155600,3172
1156200,3169
1156800,3169
1157400,3169
1158000,3170
1158600,3170
1159200,3170
1159800,3168
1160400,3168
1161000,3170
1161600,3170
1162200,3168
1162800,3168
1163400,3168
1164000,3168
1164600,3168
1165200,3168
1165800,3169
1166400,3171
1167000,3170
1167600,3169
1168200,3168
1168800,3169
1169400,3169
1170000,3167
1170600,3167
1171200,3169
1171800,3169
1172400,3170
1173000,3168
1173600,3168
1174200,3169
1174800,3169
1175400,3168
1176000,3167
1176600,3167
1177200,3173
1177800,3171
1178400,3167
1179000,3167
1179600,3170
1180200,3169
1180800,3169
1181400,3168
1182000,3168
1182600,3168
1183200,3170
1183800,3179
1184400,3179
1185000,3175
1185600,3176
1186200,3177
1186800,3175
1187400,3175
1188000,3175
1188600,3175
1189200,3174
1189800,3174
1190400,3174
1191000,3174
1191600,3174
1192200,3174
1192800,3174
1193400,3174
1194000,3175
1194600,3174
1195200,3174
1195800,3174
1196400,3174
1197000,3194
1197600,3181
1198200,3175
1198800,3175
1199400,3175
1200000,3175
1200600,3175
1201200,3175
1201800,3175
1202400,3181
1203000,3177
1203600,3175
1204200,3175
1204800,3175
1205400,3175
1206000,3175
1206600,3175
1207200,3175
1207800,3179
1208400,3179
1209000,3176
1209600,3177
1210200,3177
1210800,3176
1211400,3176
1212000,3176
1212600,3176
1213200,3178
1213800,3178
1214400,3176
1215000,3178
1215600,3178
1216200,3177
1216800,3177
1217400,3176
1218000,3176
1218600,3180
1219200,3179
1219800,3177
1220400,3177
1221000,3177
1221600,3177
1222200,3177
1222800,3179
1223400,3178
1224000,3177
1224600,3177
1225200,3177
1225800,3177
1226400,3177
1227000,3177
1227600,3177
1228200,3177
1228800,3177
1229400,3178
1230000,3177
1230600,3176
1231200,3176
1231800,3176
1232400,3176
1233000,3176
1233600,3176
1234200,3176
1234800,3176
1235400,3177
1236000,3177
1236600,3178
1237200,3178
1237800,3177
1238400,3176
1239000,3176
1239600,3176
1240200,3176
1240800,3176
1241400,3176
1242000,3176
1242600,3177
1243200,3176
1243800,3177
1244400,3178
1245000,3177
1245600,3176
1246200,3176
1246800,3176
1247400,3176
1248000,3176
1248600,3176
1249200,3176
1249800,3176
1250400,3177
1251000,3176
1251600,3177
1252200,3177
1252800,3177
1253400,3177
1254000,3177
1254600,3177
1255200,3177
1255800,3177
1256400,3177
1257000,3177
1257600,3178
1258200,3178
1258800,3178
1259400,3178
1260000,3177
1260600,3177
1261200,3177
1261800,3177
1262400,3177
1263000,3177
1263600,3177
1264200,3178
1264800,3177
1265400,3179
1266000,3178
1266600,3177
1267200,3177
1267800,3177
1268400,3177
1269000,3177
1269600,3178
1270200,3179
1270800,3178
1271400,3177
1272000,3177
1272600,3177
1273200,3177
1273800,3177
1274400,3177
1275000,3177
1275600,3177
1276200,3177
1276800,3179
1277400,3178
1278000,3177
1278600,3177
1279200,3177
1279800,3177
1280400,3177
1281000,3177
1281600,3177
1282200,3178
1282800,3178
1283400,3177
1284000,3178
1284600,3177
1285200,3177
1285800,3177
1286400,3178
1287000,3177
1287600,3177
1288200,3177
1288800,3177
1289400,3177
1290000,3177
1290600,3177
1291200,3177
1291800,3179
1292400,3178
1293000,3177
1293600,3177
1294200,3177
1294800,3177
1295400,3177
1296000,3178
1296600,3178
1297200,3179
1297800,3178
1298400,3179
1299000,3178
1299600,3178
1300200,3177
1300800,3177
1301400,3180
1302000,3180
1302600,3179
1303200,3178
1303800,3178
1304400,3178
1305000,3178
1305600,3177
1306200,3177
1306800,3178
1307400,3177
1308000,3177
1308600,3178
1309200,3178
1309800,3178
1310400,3178
1311000,3178
1311600,3179
1312200,3179
1312800,3180
1313400,3178
1314000,3180
1314600,3179
1315200,3178
1315800,3178
1316400,3178
1317000,3178
1317600,3178
1318200,3178
1318800,3178
1319400,3178
1320000,3180
1320600,3179
1321200,3178
1321800,3180
1322400,3179
1323000,3178
1323600,3178
1324200,3178
1324800,3178
1325400,3178
1326000,3178
1326600,3178
1327200,3180
1327800,3179
1328400,3179
1329000,3180
1329600,3179
1330200,3178
1330800,3178
1331400,3178
1332000,3178
1332600,3178
1333200,3178
1333800,3178
1334400,3178
1335000,3180
1335600,3179
1336200,3181
1336800,3178
1337400,3178
1338000,3179
1338600,3178
1339200,3178
1339800,3178
1340400,3178
1341000,3179
1341600,3181
1342200,3179
1342800,3179
1343400,3178
1344000,3179
1344600,3180
1345200,3179
1345800,3178
1346400,3178
1347000,3178
1347600,3178
1348200,3178
1348800,3179
1349400,3180
1350000,3178
1350600,3179
1351200,3180
1351800,3179
1352400,3178
1353000,3178
1353600,3178
1354200,3178
1354800,3178
1355400,3179
1356000,3178
1356600,3178
1357200,3178
1357800,3179
1358400,3180
1359000,3178
1359600,3178
1360200,3178
1360800,3180
1361400,3178
1362000,3178
1362600,3178
1363200,3178
1363800,3178
1364400,3178
1365000,3178
1365600,3179
1366200,3178
1366800,3178
1367400,3178
1368000,3178
1368600,3178
1369200,3178
1369800,3178
1370400,3178
1371000,3178
1371600,3178
1372200,3178
1372800,3179
1373400,3178
1374000,3178
1374600,3178
1375200,3178
1375800,3178
1376400,3178
1377000,3183
1377600,3183
1378200,3179
1378800,3178
1379400,3178
1380000,3179
1380600,3178
1381200,3178
1381800,3178
1382400,3179
1383000,3179
1383600,3178
1384200,3178
1384800,3178
1385400,3178
1386000,3181
1386600,3182
1387200,3180
1387800,3180
1388400,3179
1389000,3179
1389600,3179
1390200,3178
1390800,3178
1391400,3178
1392000,3181
1392600,3179
1393200,3179
1393800,3180
1394400,3180
1395000,3179
1395600,3180
1396200,3179
1396800,3179
1397400,3180
1398000,3180
1398600,3179
1399200,3179
1399800,3179
1400400,3179
1401000,3180
1401600,3181
1402200,3179
1402800,3180
1403400,3179
1404000,3179
1404600,3179
1405200,3179
1405800,3179
1406400,3179
1407000,3179
1407600,3179
1408200,3181
1408800,3182
1409400,3179
1410000,3179
1410600,3179
1411200,3179
1411800,3181
1412400,3179
1413000,3179
1413600,3179
1414200,3179
1414800,3180
1415400,3180
1416000,3181
1416600,3179
1417200,3179
1417800,3179
1418400,3181
1419000,3185
1419600,3192
1420200,3184
1420800,3182
1421400,3182
1422000,3180
1422600,3181
1423200,3182
1423800,3180
1424400,3182
1425000,3183
1425600,3182
1426200,3182
1426800,3185
1427400,3185
1428000,3185
1428600,3183
1429200,3184
1429800,3185
1430400,3186
1431000,3183
1431600,3184
1432200,3183
1432800,3183
1433400,3185
1434000,3186
1434600,3221
1435200,3236
1435800,3251
1436400,3227
1437000,3186
1437600,3189
1438200,3186
1438800,3192
1439400,3187
1440000,3187
1440600,3191
1441200,3186
1441800,3186
1442400,3188
1443000,3187
1443600,3187
1444200,3184
1444800,3186
1445400,3188
1446000,3188
1446600,3186
1447200,3186
1447800,3186
1448400,3187
1449000,3190
1449600,3187
1450200,3187
1450800,3194
1451400,3194
1452000,3199
1452600,3194
1453200,3199
1453800,3193
1454400,3204
1455000,3196
1455600,3193
1456200,3195
1456800,3194
1457400,3195
1458000,3198
1458600,3199
1459200,3199
1459800,3201
1460400,3201
1461000,3200
1461600,3200
1462200,3200
1462800,3204
1463400,3200
1464000,3200
1464600,3199
1465200,3199
1465800,3199
1466400,3198
1467000,3198
1467600,3200
1468200,3196
1468800,3195
1469400,3195
1470000,3200
1470600,3198
1471200,3196
1471800,3194
1472400,3196
1473000,3201
1473600,3202
1474200,3201
1474800,3201
1475400,3199
1476000,3201
1476600,3202
1477200,3205
1477800,3205
1478400,3205
1479000,3205
1479600,3206
1480200,3208
1480800,3207
1481400,3209
1482000,3207
1482600,3206
1483200,3205
1483800,3206
1484400,3208
1485000,3207
1485600,3205
1486200,3204
1486800,3206
1487400,3206
1488000,3208
1488600,3206
1489200,3205
1489800,3204
1490400,3206
1491000,3206
1491600,3206
1492200,3208
1492800,3209
1493400,3209
1494000,3210
1494600,3209
1495200,3208
1495800,3208
1496400,3208
1497000,3212
1497600,3218
1498200,3209
1498800,3208
1499400,3220
1500000,3217
1500600,3213
1501200,3215
1501800,3213
1502400,3218
1503000,3215
1503600,3214
1504200,3215
1504800,3217
1505400,3215
1506000,3211
1506600,3210
1507200,3205
1507800,3247
1508400,3249
1509000,3252
1509600,3218
1510200,3215
1510800,3211
1511400,3210
1512000,3208
1512600,3209
1513200,3209
1513800,3209
1514400,3209
1515000,3204
1515600,3204
1516200,3204
1516800,3204
1517400,3205
1518000,3204
1518600,3204
1519200,3206
1519800,3204
1520400,3204
1521000,3204
1521600,3204
1522200,3206
1522800,3213
1523400,3208
1524000,3213
1524600,3212
1525200,3207
1525800,3211
1526400,3209
1527000,3208
1527600,3209
1528200,3209
1528800,3209
1529400,3213
1530000,3213
1530600,3212
1531200,3212
1531800,3211
1532400,3234
1533000,3223
1533600,3216
1534200,3215
1534800,3212
1535400,3213
1536000,3213
1536600,3218
1537200,3230
1537800,3213
1538400,3212
1539000,3212
1539600,3212
1540200,3217
1540800,3217
1541400,3213
1542000,3217
1542600,3213
1543200,3211
1543800,3211
1544400,3211
1545000,3211
1545600,3211
1546200,3211
1546800,3212
1547400,3212
1548000,3212
1548600,3212
1549200,3212
1549800,3212
1550400,3212
1551000,3213
1551600,3213
1552200,3213
1552800,3221
1553400,3221
1554000,3215
1554600,3213
1555200,3214
1555800,3214
1556400,3214
1557000,3214
1557600,3213
1558200,3223
1558800,3223
1559400,3213
1560000,3214
1560600,3213
1561200,3213
1561800,3214
1562400,3213
1563000,3213
1563600,3213
1564200,3215
1564800,3214
1565400,3214
1566000,3214
1566600,3214
1567200,3214
1567800,3214
1568400,3214
1569000,3215
1569600,3215
1570200,3215
1570800,3215
1571400,3215
1572000,3215
1572600,3215
1573200,3215
1573800,3218
1574400,3216
1575000,3217
1575600,3216
1576200,3215
1576800,3215
1577400,3215
1578000,3215
1578600,3215
1579200,3216
1579800,3216
1580400,3214
1581000,3214
1581600,3215
1582200,3215
1582800,3215
1583400,3216
1584000,3216
1584600,3218
1585200,3216
1585800,3215
1586400,3215
1587000,3215
1587600,3215
1588200,3215
1588800,3219
1589400,3220
1590000,3219
1590600,3220
1591200,3220
1591800,3223
1592400,3220
1593000,3219
1593600,3219
1594200,3221
1594800,3230
1595400,3230
1596000,3225
1596600,3228
1597200,3225
1597800,3225
1598400,3224
1599000,3223
1599600,3223
1600200,3223
1600800,3223
1601400,3223
1602000,3223
1602600,3223
1603200,3223
1603800,3224
1604400,3225
1605000,3224
1605600,3223
1606200,3223
1606800,3224
1607400,3223
1608000,3223
1608600,3225
1609200,3219
1609800,3216
1610400,3219
1611000,3215
1611600,3217
1612200,3221
1612800,3217
1613400,3218
1614000,3218
1614600,3216
1615200,3217
1615800,3217
1616400,3221
1617000,3221
1617600,3221
1618200,3219
1618800,3221
1619400,3219
1620000,3219
1620600,3218
1621200,3218
1621800,3218
1622400,3218
1623000,3218
1623600,3220
1624200,3224
1624800,3227
1625400,3224
1626000,3223
1626600,3224
1627200,3223
1627800,3223
1628400,3233
1629000,3225
1629600,3227
1630200,3225
1630800,3225
1631400,3227
1632000,3226
1632600,3225
1633200,3225
1633800,3225
1634400,3225
1635000,3225
1635600,3225
1636200,3225
1636800,3225
1637400,3225
1638000,3225
1638600,3225
1639200,3226
1639800,3223
1640400,3223
1641000,3223
1641600,3224
1642200,3224
1642800,3223
1643400,3223
1644000,3223
1644600,3224
1645200,3224
1645800,3225
1646400,3223
1647000,3223
1647600,3223
1648200,3223
1648800,3223
1649400,3223
1650000,3224
1650600,3223
1651200,3223
1651800,3223
1652400,3223
1653000,3223
1653600,3223
1654200,3224
1654800,3223
1655400,3223
1656000,3223
1656600,3223
1657200,3223
1657800,3223
1658400,3223
1659000,3223
1659600,3223
1660200,3224
1660800,3225
1661400,3224
1662000,3223
1662600,3224
1663200,3223
1663800,3223
1664400,3223
1665000,3223
1665600,3223
1666200,3226
1666800,3225
1667400,3223
1668000,3224
1668600,3225
1669200,3224
1669800,3223
1670400,3223
1671000,3223
1671600,3227
1672200,3227
1672800,3223
1673400,3223
1674000,3223
1674600,3224
1675200,3223
1675800,3223
1676400,3223
1677000,3235
1677600,3235
1678200,3235
1678800,3235
1679400,3244
1680000,3238
1680600,3237
1681200,3236
1681800,3255
1682400,3253
1683000,3263
1683600,3254
1684200,3254
1684800,3254
1685400,3254
1686000,3253
1686600,3253
1687200,3253
1687800,3253
1688400,3258
1689000,3255
1689600,3253
1690200,3253
1690800,3253
1691400,3253
1692000,3253
1692600,3253
1693200,3253
1693800,3256
1694400,3314
1695000,3321
1695600,3321
1696200,3276
1696800,3273
1697400,3269
1698000,3269
1698600,3269
1699200,3271
1699800,3271
1700400,3269
1701000,3269
1701600,3269
1702200,3269
1702800,3269
1703400,3269
1704000,3269
1704600,3269
1705200,3270
1705800,3269
1706400,3270
1707000,3277
1707600,3276
1708200,3269
1708800,3269
1709400,3269
1710000,3270
1710600,3271
1711200,3267
1711800,3269
1712400,3267
1713000,3267
1713600,3267
1714200,3269
1714800,3269
1715400,3267
1716000,3272
1716600,3268
1717200,3267
1717800,3267
1718400,3268
1719000,3269
1719600,3267
1720200,3267
1720800,3267
1721400,3270
1722000,3271
1722600,3267
1723200,3267
1723800,3267
1724400,3267
1725000,3267
1725600,3267
1726200,3269
1726800,3271
1727400,3270
1728000,3267
1728600,3267
1729200,3267
1729800,3267
1730400,3267
1731000,3267
1731600,3267
1732200,3267
1732800,3270
1733400,3270
1734000,3270
1734600,3269
1735200,3269
1735800,3269
1736400,3269
1737000,3269
1737600,3269
1738200,3269
1738800,3272
1739400,3270
1740000,3271
1740600,3270
1741200,3270
1741800,3270
1742400,3270
1743000,3270
1743600,3270
1744200,3272
1744800,3271
1745400,3271
1746000,3271
1746600,3271
1747200,3272
1747800,3271
1748400,3271
1749000,3271
1749600,3271
1750200,3271
1750800,3271
1751400,3271
1752000,3271
1752600,3271
1753200,3274
1753800,3275
1754400,3271
1755000,3271
1755600,3271
1756200,3271
1756800,3271
1757400,3276
1758000,3274
1758600,3274
1759200,3273
1759800,3273
1760400,3272
1761000,3273
1761600,3271
1762200,3272
1762800,3271
1763400,3271
1764000,3271
1764600,3275
1765200,3271
1765800,3271
1766400,3277
1767000,3277
1767600,3278
1768200,3281
1768800,3281
1769400,3282
1770000,3268
1770600,3276
1771200,3282
1771800,3271
1772400,3266
1773000,3266
1773600,3266
1774200,3272
1774800,3272
1775400,3271
1776000,3268
1776600,3274
1777200,3287
1777800,3282
1778400,3282
1779000,3283
1779600,3282
1780200,3284
1780800,3282
1781400,3282
1782000,3291
1782600,3303
1783200,3296
1783800,3312
1784400,3320
1785000,3303
1785600,3296
1786200,3325
1786800,3300
1787400,3288
1788000,3284
1788600,3293
1789200,3277
1789800,3266
1790400,3278
1791000,3273
1791600,3267
1792200,3253
1792800,3266
1793400,3265
1794000,3269
1794600,3267
1795200,3272
1795800,3269
1796400,3267
1797000,3296
1797600,3292
1798200,3270
1798800,3258
1799400,3282
1800000,3269
1800600,3252
1801200,3246
1801800,3246
1802400,3246
1803000,3246
1803600,3270
1804200,3264
1804800,3247
1805400,3245
1806000,3248
1806600,3245
1807200,3245
1807800,3245
1808400,3245
1809000,3245
1809600,3245
1810200,3243
1810800,3243
1811400,3244
1812000,3245
1812600,3243
1813200,3242
1813800,3242
1814400,3243
1815000,3243
1815600,3243
1816200,3242
1816800,3243
1817400,3244
1818000,3245
1818600,3244
1819200,3243
1819800,3247
1820400,3248
1821000,3245
1821600,3242
1822200,3243
1822800,3244
1823400,3243
1824000,3243
1824600,3256
1825200,3252
1825800,3251
1826400,3252
1827000,3251
1827600,3251
1828200,3250
1828800,3250
1829400,3251
1830000,3254
1830600,3252
1831200,3250
1831800,3250
1832400,3252
1833000,3251
1833600,3250
1834200,3250
1834800,3250
1835400,3250
1836000,3251
1836600,3251
1837200,3251
1837800,3250
1838400,3251
1839000,3251
1839600,3251
1840200,3252
1840800,3252
1841400,3251
1842000,3251
1842600,3252
1843200,3259
1843800,3257
1844400,3250
1845000,3250
1845600,3250
1846200,3250
1846800,3250
1847400,3250
1848000,3252
1848600,3251
1849200,3256
1849800,3253
1850400,3257
1851000,3253
1851600,3250
1852200,3250
1852800,3250
1853400,3249
1854000,3249
1854600,3249
1855200,3250
1855800,3252
1856400,3251
1857000,3257
1857600,3249
1858200,3246
1858800,3246
1859400,3246
1860000,3249
1860600,3251
1861200,3247
1861800,3248
1862400,3248
1863000,3246
1863600,3248
1864200,3247
1864800,3257
1865400,3249
1866000,3253
1866600,3248
1867200,3256
1867800,3257
1868400,3248
1869000,3251
1869600,3249
1870200,3250
1870800,3255
1871400,3252
1872000,3248
1872600,3248
1873200,3249
1873800,3249
1874400,3249
1875000,3250
1875600,3248
1876200,3249
1876800,3254
1877400,3251
1878000,3251
1878600,3251
1879200,3248
1879800,3248
1880400,3248
1881000,3249
1881600,3250
1882200,3250
1882800,3248
1883400,3250
1884000,3240
1884600,3239
1885200,3238
1885800,3238
1886400,3238
1887000,3238
1887600,3239
1888200,3239
1888800,3239
1889400,3238
1890000,3238
1890600,3238
1891200,3240
1891800,3239
1892400,3238
1893000,3238
1893600,3238
1894200,3238
1894800,3239
1895400,3239
1896000,3239
1896600,3238
1897200,3238
1897800,3239
1898400,3241
1899000,3239
1899600,3238
1900200,3238
1900800,3239
1901400,3239
1902000,3238
1902600,3239
1903200,3239
1903800,3238
1904400,3239
1905000,3239
1905600,3240
1906200,3239
1906800,3239
1907400,3239
1908000,3239
1908600,3240
1909200,3240
1909800,3240
1910400,3239
1911000,3239
1911600,3246
1912200,3244
1912800,3242
1913400,3244
1914000,3242
1914600,3241
1915200,3241
1915800,3241
1916400,3242
1917000,3243
1917600,3244
1918200,3242
1918800,3242
1919400,3245
1920000,3243
1920600,3242
1921200,3242
1921800,3242
1922400,3242
1923000,3242
1923600,3241
1924200,3241
1924800,3241
1925400,3241
1926000,3243
1926600,3244
1927200,3245
1927800,3243
1928400,3242
1929000,3242
1929600,3244
1930200,3244
1930800,3242
1931400,3242
1932000,3242
1932600,3242
1933200,3244
1933800,3245
1934400,3243
1935000,3245
1935600,3244
1936200,3242
1936800,3243
1937400,3243
1938000,3243
1938600,3243
1939200,3242
1939800,3242
1940400,3242
1941000,3244
1941600,3245
1942200,3244
1942800,3245
1943400,3244
1944000,3244
1944600,3244
1945200,3244
1945800,3244
1946400,3244
1947000,3244
1947600,3244
1948200,3245
1948800,3244
1949400,3244
1950000,3244
1950600,3244
1951200,3244
1951800,3244
1952400,3244
1953000,3244
1953600,3245
1954200,3244
1954800,3244
1955400,3244
1956000,3244
1956600,3244
1957200,3241
1957800,3241
1958400,3241
1959000,3241
1959600,3241
1960200,3241
1960800,3242
1961400,3241
1962000,3241
1962600,3241
1963200,3241
1963800,3241
1964400,3241
1965000,3241
1965600,3241
1966200,3241
1966800,3241
1967400,3241
1968000,3242
1968600,3241
1969200,3241
1969800,3241
1970400,3241
1971000,3241
1971600,3241
1972200,3241
1972800,3241
1973400,3241
1974000,3241
1974600,3242
1975200,3241
1975800,3241
1976400,3241
1977000,3241
1977600,3241
1978200,3241
1978800,3241
1979400,3241
1980000,3241
1980600,3241
1981200,3241
1981800,3242
1982400,3242
1983000,3241
1983600,3241
1984200,3241
1984800,3241
1985400,3241
1986000,3241
1986600,3241
1987200,3241
1987800,3246
1988400,3242
1989000,3241
1989600,3242
1990200,3241
1990800,3241
1991400,3241
1992000,3241
1992600,3241
1993200,3243
1993800,3243
1994400,3243
1995000,3243
1995600,3243
1996200,3243
1996800,3243
1997400,3244
1998000,3243
1998600,3250
1999200,3248
1999800,3246
2000400,3246
2001000,3246
2001600,3246
2002200,3246
2002800,3246
2003400,3246
2004000,3252
2004600,3249
2005200,3247
2005800,3247
2006400,3247
2007000,3247
2007600,3247
2008200,3247
2008800,3247
2009400,3247
2010000,3249
2010600,3252
2011200,3247
2011800,3247
2012400,3247
2013000,3247
2013600,3247
2014200,3247
2014800,3247
2015400,3248
2016000,3249
2016600,3249
2017200,3247
2017800,3247
2018400,3248
2019000,3247
2019600,3247
2020200,3247
2020800,3247
2021400,3247
2022000,3247
2022600,3248
2023200,3247
2023800,3248
2024400,3247
2025000,3247
2025600,3248
2026200,3247
2026800,3254
2027400,3254
2028000,3251
2028600,3251
2029200,3252
2029800,3289
2030400,3300
2031000,3296
2031600,3291
2032200,3293
2032800,3291
2033400,3291
2034000,3294
2034600,3307
2035200,3308
2035800,3311
2036400,3309
2037000,3311
2037600,3310
2038200,3309
2038800,3311
2039400,3309
2040000,3295
2040600,3309
2041200,3302
2041800,3299
2042400,3298
2043000,3292
2043600,3283
2044200,3274
2044800,3274
2045400,3258
2046000,3258
2046600,3258
2047200,3278
2047800,3293
2048400,3293
2049000,3284
2049600,3288
2050200,3288
2050800,3288
2051400,3306
2052000,3296
2052600,3290
2053200,3293
2053800,3293
2054400,3292
2055000,3293
2055600,3292
2056200,3293
2056800,3292
2057400,3292
2058000,3292
2058600,3290
2059200,3290
2059800,3290
2060400,3289
2061000,3289
2061600,3289
2062200,3289
2062800,3287
2063400,3287
2064000,3287
2064600,3290
2065200,3287
2065800,3288
2066400,3290
2067000,3275
2067600,3271
2068200,3281
2068800,3280
2069400,3273
2070000,3281
2070600,3278
2071200,3273
2071800,3273
2072400,3272
2073000,3272
2073600,3272
2074200,3272
2074800,3272
2075400,3276
2076000,3276
2076600,3272
2077200,3272
2077800,3274
2078400,3273
2079000,3286
2079600,3287
2080200,3280
2080800,3279
2081400,3279
2082000,3281
2082600,3281
2083200,3281
2083800,3281
2084400,3282
2085000,3282
2085600,3282
2086200,3282
2086800,3283
2087400,3282
2088000,3282
2088600,3282
2089200,3282
2089800,3282
2090400,3282
2091000,3282
2091600,3283
2092200,3282
2092800,3286
2093400,3287
2094000,3286
2094600,3286
2095200,3286
2095800,3286
2096400,3286
2097000,3286
2097600,3286
2098200,3287
2098800,3289
2099400,3287
2100000,3287
2100600,3287
2101200,3287
2101800,3287
2102400,3287
2103000,3287
2103600,3287
2104200,3287
2104800,3287
2105400,3287
2106000,3287
2106600,3287
2107200,3288
2107800,3289
2108400,3288
2109000,3288
2109600,3288
2110200,3288
2110800,3288
2111400,3288
2112000,3288
2112600,3290
2113200,3290
2113800,3292
2114400,3337
2115000,3310
2115600,3310
2116200,3315
2116800,3310
2117400,3309
2118000,3305
2118600,3303
2119200,3303
2119800,3303
2120400,3303
2121000,3304
2121600,3303
2122200,3303
2122800,3303
2123400,3303
2124000,3303
2124600,3303
2125200,3302
2125800,3302
2126400,3298
2127000,3304
2127600,3304
2128200,3299
2128800,3298
2129400,3300
2130000,3302
2130600,3306
2131200,3300
2131800,3299
2132400,3302
2133000,3302
2133600,3300
2134200,3300
2134800,3304
2135400,3304
2136000,3302
2136600,3305
2137200,3306
2137800,3302
2138400,3302
2139000,3303
2139600,3303
2140200,3308
2140800,3308
2141400,3308
2142000,3308
2142600,3308
2143200,3308
2143800,3308
2144400,3307
2145000,3306
2145600,3306
2146200,3306
2146800,3306
2147400,3306
2148000,3306
2148600,3306
2149200,3306
2149800,3305
2150400,3305
2151000,3305
2151600,3306
2152200,3305
2152800,3305
2153400,3305
2154000,3305
2154600,3305
2155200,3305
2155800,3305
2156400,3305
2157000,3305
2157600,3305
2158200,3305
2158800,3306
2159400,3305
2160000,3306
2160600,3306
2161200,3305
2161800,3305
2162400,3305
2163000,3305
2163600,3305
2164200,3305
2164800,3305
2165400,3309
2166000,3310
2166600,3309
2167200,3309
2167800,3309
2168400,3309
2169000,3309
2169600,3309
2170200,3309
2170800,3309
2171400,3313
2172000,3313
2172600,3312
2173200,3313
2173800,3312
2174400,3312
2175000,3312
2175600,3312
2176200,3312
2176800,3316
2177400,3316
2178000,3315
2178600,3315
2179200,3315
2179800,3316
2180400,3316
2181000,3315
2181600,3315
2182200,3315
2182800,3314
2183400,3314
2184000,3314
2184600,3314
2185200,3314
2185800,3314
2186400,3314
2187000,3314
2187600,3315
2188200,3314
2188800,3314
2189400,3314
2190000,3314
2190600,3314
2191200,3315
2191800,3316
2192400,3315
2193000,3314
2193600,3316
2194200,3314
2194800,3315
2195400,3314
2196000,3314
2196600,3314
2197200,3314
2197800,3314
2198400,3314
2199000,3314
2199600,3316
2200200,3315
2200800,3314
2201400,3315
2202000,3317
2202600,3314
2203200,3314
2203800,3314
2204400,3314
2205000,3314
2205600,3314
2206200,3314
2206800,3314
2207400,3316
2208000,3317
2208600,3317
2209200,3317
2209800,3315
2210400,3315
2211000,3315
2211600,3315
2212200,3315
2212800,3316
2213400,3316
2214000,3316
2214600,3315
2215200,3315
2215800,3315
2216400,3317
2217000,3318
2217600,3316
2218200,3316
2218800,3316
2219400,3316
2220000,3316
2220600,3316
2221200,3395
2221800,3404
2222400,3397
2223000,3434
2223600,3414
2224200,3414
2224800,3369
2225400,3372
2226000,3369
2226600,3367
2227200,3368
2227800,3367
2228400,3367
2229000,3369
2229600,3360
2230200,3355
2230800,3354
2231400,3353
2232000,3349
2232600,3344
2233200,3339
2233800,3338
2234400,3337
2235000,3332
2235600,3332
2236200,3330
2236800,3325
2237400,3325
2238000,3319
2238600,3319
2239200,3319
2239800,3319
2240400,3319
2241000,3319
2241600,3319
2242200,3319
2242800,3319
2243400,3319
2244000,3319
2244600,3319
2245200,3319
2245800,3320
2246400,3320
2247000,3320
2247600,3320
2248200,3319
2248800,3319
2249400,3319
2250000,3319
2250600,3319
2251200,3319
2251800,3320
2252400,3321
2253000,3321
2253600,3320
2254200,3320
2254800,3320
2255400,3320
2256000,3320
2256600,3320
2257200,3320
2257800,3320
2258400,3320
2259000,3320
2259600,3322
2260200,3321
2260800,3320
2261400,3322
2262000,3322
2262600,3320
2263200,3320
2263800,3320
2264400,3320
2265000,3320
2265600,3320
2266200,3321
2266800,3321
2267400,3324
2268000,3321
2268600,3321
2269200,3321
2269800,3321
2270400,3321
2271000,3321
2271600,3321
2272200,3321
2272800,3321
2273400,3324
2274000,3322
2274600,3321
2275200,3322
2275800,3322
2276400,3321
2277000,3321
2277600,3321
2278200,3321
2278800,3321
2279400,3321
2280000,3321
2280600,3321
2281200,3322
2281800,3321
2282400,3321
2283000,3321
2283600,3320
2284200,3320
2284800,3320
2285400,3320
2286000,3320
2286600,3320
2287200,3320
2287800,3322
2288400,3321
2289000,3320
2289600,3320
2290200,3322
2290800,3322
2291400,3320
2292000,3320
2292600,3320
2293200,3320
2293800,3320
2294400,3320
2295000,3321
2295600,3321
2296200,3321
2296800,3321
2297400,3321
2298000,3325
2298600,3323
2299200,3323
2299800,3323
2300400,3323
2301000,3324
2301600,3324
2302200,3323
2302800,3322
2303400,3322
2304000,3322
2304600,3322
2305200,3322
2305800,3322
2306400,3322
2307000,3322
2307600,3323
2308200,3337
2308800,3337
2309400,3336
2310000,3335
2310600,3336
2311200,3338
2311800,3336
2312400,3335
2313000,3334
2313600,3343
2314200,3337
2314800,3334
2315400,3335
2316000,3336
2316600,3335
2317200,3334
2317800,3301
2318400,3301
2319000,3291
2319600,3289
2320200,3289
2320800,3290
2321400,3294
2322000,3294
2322600,3290
2323200,3292
2323800,3290
2324400,3291
2325000,3291
2325600,3293
2326200,3291
2326800,3289
2327400,3289
2328000,3296
2328600,3296
2329200,3290
2329800,3290
2330400,3290
2331000,3291
2331600,3295
2332200,3293
2332800,3292
2333400,3292
2334000,3292
2334600,3292
2335200,3291
2335800,3291
2336400,3291
2337000,3291
2337600,3299
2338200,3307
2338800,3300
2339400,3296
2340000,3296
2340600,3296
2341200,3296
2341800,3296
2342400,3296
2343000,3302
2343600,3302
2344200,3300
2344800,3300
2345400,3301
2346000,3300
2346600,3300
2347200,3300
2347800,3300
2348400,3300
2349000,3308
2349600,3305
2350200,3304
2350800,3305
2351400,3305
2352000,3306
2352600,3305
2353200,3305
2353800,3305
2354400,3305
2355000,3305
2355600,3305
2356200,3305
2356800,3305
2357400,3305
2358000,3306
2358600,3306
2359200,3308
2359800,3306
2360400,3306
2361000,3306
2361600,3306
2362200,3306
2362800,3306
2363400,3307
2364000,3307
2364600,3308
2365200,3311
2365800,3314
2366400,3307
2367000,3306
2367600,3307
2368200,3307
2368800,3307
2369400,3306
2370000,3306
2370600,3306
2371200,3309
2371800,3307
2372400,3307
2373000,3308
2373600,3307
2374200,3306
2374800,3306
2375400,3306
2376000,3306
2376600,3307
2377200,3304
2377800,3297
2378400,3297
2379000,3296
2379600,3297
2380200,3298
2380800,3297
2381400,3298
2382000,3297
2382600,3302
2383200,3307
2383800,3296
2384400,3296
2385000,3296
2385600,3296
2386200,3297
2386800,3298
2387400,3298
2388000,3296
2388600,3296
2389200,3296
2389800,3304
2390400,3302
2391000,3303
2391600,3303
2392200,3303
2392800,3307
2393400,3306
2394000,3305
2394600,3305
2395200,3305
2395800,3303
2396400,3309
2397000,3305
2397600,3305
2398200,3305
2398800,3305
2399400,3305
2400000,3311
2400600,3306
2401200,3307
2401800,3305
2402400,3305
2403000,3307
2403600,3308
2404200,3304
2404800,3304
2405400,3304
2406000,3304
2406600,3307
2407200,3306
2407800,3304
2408400,3304
2409000,3305
2409600,3305
2410200,3307
2410800,3305
2411400,3305
2412000,3305
2412600,3305
2413200,3305
2413800,3305
2414400,3305
2415000,3305
2415600,3305
2416200,3306
2416800,3305
2417400,3305
2418000,3305
2418600,3305
2419200,3306
2419800,3306
2420400,3306
2421000,3306
2421600,3305
2422200,3305
2422800,3305
2423400,3307
2424000,3306
2424600,3305
2425200,3306
2425800,3307
2426400,3308
2427000,3308
2427600,3309
2428200,3308
2428800,3307
2429400,3307
2430000,3307
2430600,3307
2431200,3307
2431800,3308
2432400,3307
2433000,3307
2433600,3307
2434200,3307
2434800,3307
2435400,3307
2436000,3307
2436600,3308
2437200,3307
2437800,3307
2438400,3307
2439000,3307
2439600,3307
2440200,3307
2440800,3307
2441400,3307
2442000,3307
2442600,3307
2443200,3308
2443800,3309
2444400,3308
2445000,3308
2445600,3308
2446200,3309
2446800,3309
2447400,3309
2448000,3309
2448600,3309
2449200,3309
2449800,3310
2450400,3311
2451000,3310
2451600,3312
2452200,3310
2452800,3310
2453400,3310
2454000,3310
2454600,3311
2455200,3312
2455800,3312
2456400,3310
2457000,3310
2457600,3310
2458200,3310
2458800,3311
2459400,3310
2460000,3311
2460600,3310
2461200,3311
2461800,3311
2462400,3310
2463000,3311
2463600,3310
2464200,3311
2464800,3310
2465400,3311
2466000,3311
2466600,3311
2467200,3311
2467800,3310
2468400,3311
2469000,3309
2469600,3309
2470200,3309
2470800,3309
2471400,3309
2472000,3309
2472600,3310
2473200,3309
2473800,3309
2474400,3309
2475000,3309
2475600,3309
2476200,3309
2476800,3309
2477400,3309
2478000,3309
2478600,3310
2479200,3309
2479800,3309
2480400,3310
2481000,3309
2481600,3309
2482200,3310
2482800,3310
2483400,3310
2484000,3309
2484600,3312
2485200,3311
2485800,3312
2486400,3311
2487000,3310
2487600,3311
2488200,3310
2488800,3310
2489400,3313
2490000,3314
2490600,3311
2491200,3312
2491800,3311
2492400,3310
2493000,3310
2493600,3311
2494200,3312
2494800,3311
2495400,3320
2496000,3313
2496600,3312
2497200,3312
2497800,3317
2498400,3318
2499000,3312
2499600,3312
2500200,3312
2500800,3321
2501400,3320
2502000,3312
2502600,3312
2503200,3312
2503800,3312
2504400,3312
2505000,3318
2505600,3319
2506200,3314
2506800,3313
2507400,3312
2508000,3312
2508600,3312
2509200,3312
2509800,3312
2510400,3314
2511000,3313
2511600,3313
2512200,3313
2512800,3314
2513400,3314
2514000,3314
2514600,3314
2515200,3315
2515800,3315
2516400,3314
2517000,3314
2517600,3314
2518200,3314
2518800,3314
2519400,3315
2520000,3314
2520600,3315
2521200,3315
2521800,3314
2522400,3314
2523000,3314
2523600,3314
2524200,3313
2524800,3314
2525400,3313
2526000,3313
2526600,3313
2527200,3315
2527800,3314
2528400,3313
2529000,3313
2529600,3314
2530200,3314
2530800,3314
2531400,3315
2532000,3316
2532600,3315
2533200,3314
2533800,3314
2534400,3313
2535000,3316
2535600,3315
2536200,3315
2536800,3314
2537400,3314
2538000,3314
2538600,3314
2539200,3315
2539800,3314
2540400,3314
2541000,3314
2541600,3314
2542200,3316
2542800,3316
2543400,3316
2544000,3315
2544600,3315
2545200,3315
2545800,3313
2546400,3314
2547000,3314
2547600,3313
2548200,3312
2548800,3312
2549400,3314
2550000,3312
2550600,3313
2551200,3312
2551800,3310
2552400,3311
2553000,3310
2553600,3311
2554200,3310
2554800,3313
2555400,3313
2556000,3312
2556600,3311
2557200,3310
2557800,3310
2558400,3309
2559000,3309
2559600,3309
2560200,3310
2560800,3313
2561400,3309
2562000,3310
2562600,3310
2563200,3309
2563800,3309
2564400,3309
2565000,3309
2565600,3312
2566200,3310
2566800,3309
2567400,3309
2568000,3309
2568600,3309
2569200,3309
2569800,3309
2570400,3309
2571000,3309
2571600,3309
2572200,3309
2572800,3309
2573400,3309
2574000,3321
2574600,3320
2575200,3312
2575800,3312
2576400,3311
2577000,3311
2577600,3311
2578200,3311
2578800,3311
2579400,3311
2580000,3311
2580600,3311
2581200,3310
2581800,3311
2582400,3310
2583000,3310
2583600,3310
2584200,3310
2584800,3310
2585400,3310
2586000,3310
2586600,3310
2587200,3310
2587800,3310
2588400,3311
2589000,3311
2589600,3310
2590200,3310
2590800,3310
2591400,3310
2592000,3311
2592600,3311
2593200,3312
2593800,3312
2594400,3312
2595000,3312
2595600,3312
2596200,3312
2596800,3311
2597400,3312
2598000,3311
2598600,3312
2599200,3311
2599800,3314
2600400,3314
2601000,3314
2601600,3314
2602200,3314
2602800,3314
2603400,3315
2604000,3314
2604600,3314
2605200,3314
2605800,3314
2606400,3314
2607000,3314
2607600,3314
2608200,3314
2608800,3314
2609400,3314
2610000,3315
2610600,3317
2611200,3317
2611800,3317
2612400,3317
2613000,3317
2613600,3317
2614200,3317
2614800,3317
2615400,3317
2616000,3318
2616600,3318
2617200,3318
2617800,3319
2618400,3319
2619000,3321
2619600,3322
2620200,3319
2620800,3320
2621400,3320
2622000,3319
2622600,3320
2623200,3319
2623800,3320
2624400,3321
2625000,3320
2625600,3320
2626200,3319
2626800,3319
2627400,3321
2628000,3319
2628600,3317
2629200,3316
2629800,3317
2630400,3374
2631000,3383
2631600,3325
2632200,3376
2632800,3344
2633400,3328
2634000,3327
2634600,3334
2635200,3333
2635800,3334
2636400,3333
2637000,3333
2637600,3337
2638200,3335
2638800,3333
2639400,3336
2640000,3337
2640600,3333
2641200,3333
2641800,3333
2642400,3334
2643000,3333
2643600,3326
2644200,3326
2644800,3327
2645400,3325
2646000,3323
2646600,3322
2647200,3328
2647800,3324
2648400,3321
2649000,3321
2649600,3321
2650200,3321
2650800,3321
2651400,3324
2652000,3324
2652600,3324
2653200,3323
2653800,3324
2654400,3331
2655000,3329
2655600,3329
2656200,3326
2656800,3332
2657400,3331
2658000,3327
2658600,3329
2659200,3326
2659800,3324
2660400,3323
2661000,3323
2661600,3323
2662200,3323
2662800,3323
2663400,3324
2664000,3324
2664600,3323
2665200,3323
2665800,3323
2666400,3324
2667000,3325
2667600,3327
2668200,3327
2668800,3334
2669400,3329
2670000,3329
2670600,3328
2671200,3323
2671800,3324
2672400,3323
2673000,3323
2673600,3323
2674200,3323
2674800,3323
2675400,3322
2676000,3323
